{"cameraMode":{"drawMode":0,"name":"Shaded","section":"Shading Mode"},"sceneLighting":false,"audioPlay":false,"sceneViewState":{"showFog":true,"showMaterialUpdate":false,"showSkybox":true,"showFlares":true,"showImageEffects":true,"showParticleSystems":true},"in2DMode":false,"pivot":{"x":0.12354528903961182,"y":0.5872079133987427,"z":0.47426557540893557},"rotation":{"x":-0.2330428808927536,"y":0.24682141840457917,"z":-0.06127575784921646,"w":-0.9386242628097534},"size":3.1030828952789308,"orthographic":false}