{"cameraMode":{"drawMode":0,"name":"Shaded","section":"Shading Mode"},"sceneLighting":false,"audioPlay":false,"sceneViewState":{"showFog":true,"showMaterialUpdate":false,"showSkybox":true,"showFlares":true,"showImageEffects":true,"showParticleSystems":true},"in2DMode":false,"pivot":{"x":2.2044320106506349,"y":-1.9694606065750123,"z":2.512296676635742},"rotation":{"x":-0.3302620053291321,"y":0.23767299950122834,"z":-0.08631128817796707,"w":-0.9093893766403198},"size":22.0,"orthographic":false}