{"cameraMode":{"drawMode":0,"name":"Shaded","section":"Shading Mode"},"sceneLighting":false,"audioPlay":false,"sceneViewState":{"showFog":true,"showMaterialUpdate":false,"showSkybox":true,"showFlares":true,"showImageEffects":true,"showParticleSystems":true},"in2DMode":false,"pivot":{"x":-0.24264991283416749,"y":-0.2831977605819702,"z":-0.21101132035255433},"rotation":{"x":-0.3131256103515625,"y":0.4791305959224701,"z":-0.18796299397945405,"w":-0.7981579899787903},"size":4.9167799949646,"orthographic":false}