{"cameraMode":{"drawMode":0,"name":"Shaded","section":"Shading Mode"},"sceneLighting":false,"audioPlay":false,"sceneViewState":{"showFog":true,"showMaterialUpdate":false,"showSkybox":true,"showFlares":true,"showImageEffects":true,"showParticleSystems":true},"in2DMode":false,"pivot":{"x":727.125,"y":99.85015869140625,"z":-101.24835968017578},"rotation":{"x":-0.12152669578790665,"y":-0.02170068770647049,"z":0.002661376725882292,"w":-0.9923474192619324},"size":382.83453369140627,"orthographic":false}