{"cameraMode":{"drawMode":0,"name":"Shaded","section":"Shading Mode"},"sceneLighting":false,"audioPlay":false,"sceneViewState":{"showFog":true,"showMaterialUpdate":false,"showSkybox":true,"showFlares":true,"showImageEffects":true,"showParticleSystems":true},"in2DMode":false,"pivot":{"x":0.6877158880233765,"y":0.16396665573120118,"z":0.7827267646789551},"rotation":{"x":-0.3302620053291321,"y":0.23767299950122834,"z":-0.08631128817796707,"w":-0.9093893766403198},"size":22.0,"orthographic":false}