{"cameraMode":{"drawMode":0,"name":"Shaded","section":"Shading Mode"},"sceneLighting":true,"audioPlay":false,"sceneViewState":{"showFog":true,"showMaterialUpdate":false,"showSkybox":true,"showFlares":true,"showImageEffects":true,"showParticleSystems":true},"in2DMode":false,"pivot":{"x":4.538511753082275,"y":3.101919651031494,"z":3.2901909351348879},"rotation":{"x":-0.4068463146686554,"y":0.5390453934669495,"z":-0.333360880613327,"w":-0.6578577160835266},"size":4.558529376983643,"orthographic":false}