{"cameraMode":{"drawMode":0,"name":"Shaded","section":"Shading Mode"},"sceneLighting":false,"audioPlay":false,"sceneViewState":{"showFog":true,"showMaterialUpdate":false,"showSkybox":true,"showFlares":true,"showImageEffects":true,"showParticleSystems":true},"in2DMode":false,"pivot":{"x":1.9769229888916016,"y":1.6701407432556153,"z":-1.2683396339416505},"rotation":{"x":-0.35427066683769228,"y":0.392040491104126,"z":-0.16683830320835114,"w":-0.8324431777000427},"size":3.649664878845215,"orthographic":false}