{"cameraMode":{"drawMode":0,"name":"Shaded","section":"Shading Mode"},"sceneLighting":false,"audioPlay":false,"sceneViewState":{"showFog":true,"showMaterialUpdate":false,"showSkybox":true,"showFlares":true,"showImageEffects":true,"showParticleSystems":true},"in2DMode":false,"pivot":{"x":0.06976386904716492,"y":0.31138503551483157,"z":0.5759012699127197},"rotation":{"x":-0.2822147607803345,"y":0.25699371099472048,"z":-0.07875046879053116,"w":-0.9209275245666504},"size":4.316779613494873,"orthographic":false}