{"cameraMode":{"drawMode":0,"name":"Shaded","section":"Shading Mode"},"sceneLighting":false,"audioPlay":false,"sceneViewState":{"showFog":true,"showMaterialUpdate":false,"showSkybox":true,"showFlares":true,"showImageEffects":true,"showParticleSystems":true},"in2DMode":false,"pivot":{"x":-1.1001992225646973,"y":0.8140258193016052,"z":-4.187134265899658},"rotation":{"x":-0.03948977589607239,"y":0.8169359564781189,"z":-0.0563434436917305,"w":-0.572609543800354},"size":1.202014446258545,"orthographic":false}