{"cameraMode":{"drawMode":0,"name":"Shaded","section":"Shading Mode"},"sceneLighting":false,"audioPlay":false,"sceneViewState":{"showFog":true,"showMaterialUpdate":false,"showSkybox":true,"showFlares":true,"showImageEffects":true,"showParticleSystems":true},"in2DMode":false,"pivot":{"x":1.268897294998169,"y":1.923927903175354,"z":2.2836642265319826},"rotation":{"x":-0.40174609422683718,"y":0.19062384963035584,"z":-0.08589235693216324,"w":-0.891563355922699},"size":10.59056568145752,"orthographic":false}