{"cameraMode":{"drawMode":0,"name":"Shaded","section":"Shading Mode"},"sceneLighting":false,"audioPlay":false,"sceneViewState":{"showFog":true,"showMaterialUpdate":false,"showSkybox":true,"showFlares":true,"showImageEffects":true,"showParticleSystems":true},"in2DMode":false,"pivot":{"x":2.073848247528076,"y":-3.2873830795288088,"z":5.196752548217773},"rotation":{"x":0.4845157265663147,"y":-0.06418904662132263,"z":0.035679180175065997,"w":0.8716945052146912},"size":12.4451322555542,"orthographic":false}