{"cameraMode":{"drawMode":0,"name":"Shaded","section":"Shading Mode"},"sceneLighting":false,"audioPlay":false,"sceneViewState":{"showFog":true,"showMaterialUpdate":false,"showSkybox":true,"showFlares":true,"showImageEffects":true,"showParticleSystems":true},"in2DMode":false,"pivot":{"x":-0.9986937046051025,"y":0.140086829662323,"z":-3.6759963035583498},"rotation":{"x":0.08420980721712113,"y":0.003888115519657731,"z":-0.00033175418502651155,"w":0.9964404106140137},"size":2.6816725730895998,"orthographic":false}