{"cameraMode":{"drawMode":0,"name":"Shaded","section":"Shading Mode"},"sceneLighting":false,"audioPlay":false,"sceneViewState":{"showFog":true,"showMaterialUpdate":false,"showSkybox":true,"showFlares":true,"showImageEffects":true,"showParticleSystems":true},"in2DMode":false,"pivot":{"x":5.6293182373046879,"y":15.5,"z":-2.2778706550598146},"rotation":{"x":0.3082974851131439,"y":-0.04763111099600792,"z":0.015457911416888237,"w":0.9499711394309998},"size":20.175264358520509,"orthographic":false}