{"cameraMode":{"drawMode":0,"name":"Shaded","section":"Shading Mode"},"sceneLighting":false,"audioPlay":false,"sceneViewState":{"showFog":true,"showMaterialUpdate":false,"showSkybox":true,"showFlares":true,"showImageEffects":true,"showParticleSystems":true},"in2DMode":false,"pivot":{"x":2.486182689666748,"y":-0.4415184259414673,"z":6.503955841064453},"rotation":{"x":-0.15368671715259553,"y":0.07904775440692902,"z":-0.01244696881622076,"w":-0.9848740696907044},"size":70.21855926513672,"orthographic":false}